Province/Territory,Riding,LPC,CPC,BQ,NDP,GP,PP,Other,Turnout,Successful Voters,% Successful,Unsuccessful Voters,% Unsuccessful,Elected,% LPC,Population,Electors,Area
AB,Banff-Airdrie,"8,216","54,580",,"7,960","3,230","2,609",,"76,595","54,580",71.30%,"22,015",28.70%, CPC ,10.70%,"105,442","87,666","12,282"
AB,Battle River-Crowfoot,"2,485","52,497",,"3,089","1,750","1,583",,"61,404","52,497",85.50%,"8,907",14.50%, CPC ,4.00%,"107,140","79,873","53,072"
AB,Bow River,"3,104","45,691",,"3,010",805,"1,302",445,"54,357","45,691",84.10%,"8,666",15.90%, CPC ,5.70%,"103,871","73,598","24,427"
AB,Calgary Centre,"17,199","36,360",,"6,290","2,723",867,495,"63,934","36,360",56.90%,"27,574",43.10%, CPC ,26.90%,"108,931","83,497",49
AB,Calgary Confederation,"14,462","35,648",,"7,113","5,488","1,117",517,"64,345","35,648",55.40%,"28,697",44.60%, CPC ,22.50%,"111,785","85,997",54
AB,Calgary Forest Lawn,"8,537","23,585",,"4,133","1,282","1,069",825,"39,431","23,585",59.80%,"15,846",40.20%, CPC ,21.70%,"108,251","73,857",53
AB,Calgary Heritage,"7,671","39,098",,"5,038","1,917","1,076",402,"55,202","39,098",70.80%,"16,104",29.20%, CPC ,13.90%,"108,320","79,349",70
AB,Calgary Midnapore,"7,320","49,700",,"6,193","1,942","1,562",,"66,717","49,700",74.50%,"17,017",25.50%, CPC ,11.00%,"111,227","85,280",87
AB,Calgary Nose Hill,"8,606","37,950",,"5,107","1,478","1,073",67,"54,281","37,950",69.90%,"16,331",30.10%, CPC ,15.90%,"109,286","80,629",57
AB,Calgary Rocky Ridge,"12,694","47,477",,"5,869","1,927","1,026",265,"69,258","47,477",68.60%,"21,781",31.40%, CPC ,18.30%,"108,901","84,093",90
AB,Calgary Shepard,"8,461","57,793",,"6,639","2,273","1,719",,"76,885","57,793",75.20%,"19,092",24.80%, CPC ,11.00%,"110,296","93,794",186
AB,Calgary Signal Hill,"9,370","43,535",,"5,121","2,044","1,100",700,"61,870","43,535",70.40%,"18,335",29.60%, CPC ,15.10%,"109,647","83,227",66
AB,Calgary Skyview,"14,134","26,193",,"7,414",781,584,768,"49,874","26,193",52.50%,"23,681",47.50%, CPC ,28.30%,"110,189","71,741",123
AB,Edmonton Centre,"17,000","21,586",,"10,659","1,332",778,390,"51,745","21,586",41.70%,"30,159",58.30%, CPC ,32.90%,"106,121","76,739",46
AB,Edmonton Griesbach,"7,805","23,551",,"11,499","1,205","1,028",889,"45,977","23,551",51.20%,"22,426",48.80%, CPC ,17.00%,"107,809","78,785",46
AB,Edmonton Manning,"10,903","28,837",,"8,924","1,123","1,016",322,"51,125","28,837",56.40%,"22,288",43.60%, CPC ,21.30%,"106,262","78,003",158
AB,Edmonton Mill Woods,"17,611","26,425",,"6,284",944,942,211,"52,417","26,425",50.40%,"25,992",49.60%, CPC ,33.60%,"106,103","72,151",50
AB,Edmonton Riverbend,"13,591","34,491",,"9,013","1,722",844,,"59,661","34,491",57.80%,"25,170",42.20%, CPC ,22.80%,"106,302","79,932",60
AB,Edmonton Strathcona,"6,362","20,634",,"26,189","1,076",921,199,"55,381","26,189",47.30%,"29,192",52.70%, NDP ,11.50%,"103,183","74,710",80
AB,Edmonton West,"11,555","35,181",,"8,365","1,383","1,105",,"57,589","35,181",61.10%,"22,408",38.90%, CPC ,20.10%,"104,422","78,293",105
AB,Edmonton-Wetaskiwin,"10,300","61,709",,"9,623","1,609","1,641",211,"85,093","61,709",72.50%,"23,384",27.50%, CPC ,12.10%,"110,644","95,162","4,947"
AB,Foothills,"3,765","52,907",,"3,641","2,309","1,668",,"64,290","52,907",82.30%,"11,383",17.70%, CPC ,5.90%,"105,515","80,188","20,877"
AB,Fort McMurray-Cold Lake,"4,708","39,765",,"2,767",857,"1,583",,"49,680","39,765",80.00%,"9,915",20.00%, CPC ,9.50%,"101,538","75,312","147,412"
AB,Grande Prairie-Mackenzie,"2,769","49,204",,"4,003","1,105","1,439",,"58,520","49,204",84.10%,"9,316",15.90%, CPC ,4.70%,"106,738","79,309","109,194"
AB,Lakeland,"2,492","47,551",,"3,634","1,069","1,440",387,"56,573","47,551",84.10%,"9,022",15.90%, CPC ,4.40%,"104,616","77,809","31,877"
AB,Lethbridge,"8,642","41,580",,"9,419","1,999","1,025",674,"63,339","41,580",65.60%,"21,759",34.40%, CPC ,13.60%,"105,999","80,020","3,028"
AB,Medicine Hat-Cardston-Warner,"3,467","41,498",,"4,530","1,165","1,341",333,"52,334","41,498",79.30%,"10,836",20.70%, CPC ,6.60%,"102,847","75,944","29,982"
AB,Peace River-Westlock,"3,062","41,159",,"3,805","1,350","1,569",,"50,945","41,159",80.80%,"9,786",19.20%, CPC ,6.00%,"108,095","73,627","105,924"
AB,Red Deer-Lacombe,"3,437","52,684",,"5,888","1,533","2,408",,"65,950","52,684",79.90%,"13,266",20.10%, CPC ,5.20%,"113,693","83,963","6,316"
AB,Red Deer-Mountain View,"3,724","54,111",,"4,836","1,997","2,609",,"67,277","54,111",80.40%,"13,166",19.60%, CPC ,5.50%,"110,793","84,758","7,659"
AB,Sherwood Park-Fort Saskatchewan,"6,832","50,561",,"8,324","1,501","1,268",278,"68,764","50,561",73.50%,"18,203",26.50%, CPC ,9.90%,"111,541","87,943","1,271"
AB,St. Albert-Edmonton,"12,224","38,807",,"9,655","1,548","1,274",342,"63,850","38,807",60.80%,"25,043",39.20%, CPC ,19.10%,"105,162","82,120",104
AB,Sturgeon River-Parkland,"4,590","52,163",,"6,794","1,686","1,577",421,"67,231","52,163",77.60%,"15,068",22.40%, CPC ,6.80%,"105,733","82,718","4,000"
AB,Yellowhead,"2,842","45,206",,"3,781","1,235","1,576",320,"54,960","45,206",82.30%,"9,754",17.70%, CPC ,5.20%,"98,855","72,816","76,127"
BC,Abbotsford,"10,460","25,028",,"8,164","3,655",975,266,"48,548","25,028",51.60%,"23,520",48.40%, CPC ,21.50%,"96,819","67,509",176
BC,Burnaby North-Seymour,"17,404","9,572",,"15,844","4,630","1,053",485,"48,988","17,404",35.50%,"31,584",64.50%, LPC ,35.50%,"100,632","72,393",115
BC,Burnaby South,"10,634","13,887",,"16,753","2,481",641,305,"44,701","16,753",37.50%,"27,948",62.50%, NDP ,23.80%,"105,037","73,925",47
BC,Cariboo-Prince George,"10,265","26,738",,"7,927","4,638","1,116","4,328","55,012","26,738",48.60%,"28,274",51.40%, CPC ,18.70%,"108,252","77,042","83,193"
BC,Central Okanagan-Similkameen-Nicola,"15,843","30,364",,"10,772","4,910","1,338",209,"63,436","30,364",47.90%,"33,072",52.10%, CPC ,25.00%,"104,398","84,348","16,208"
BC,Chilliwack-Hope,"10,735","26,477",,"8,868","5,168","1,744",280,"53,272","26,477",49.70%,"26,795",50.30%, CPC ,20.20%,"92,734","70,240","3,355"
BC,Cloverdale-Langley City,"19,470","20,772",,"10,389","3,502",925,,"55,058","20,772",37.70%,"34,286",62.30%, CPC ,35.40%,"100,318","75,076",60
BC,Coquitlam-Port Coquitlam,"19,614","19,275",,"13,073","3,889",687,96,"56,634","19,614",34.60%,"37,020",65.40%, LPC ,34.60%,"110,277","82,358",650
BC,Courtenay-Alberni,"8,513","23,516",,"29,407","9,569",,168,"71,173","29,407",41.30%,"41,766",58.70%, NDP ,12.00%,"110,391","88,673","8,571"
BC,Cowichan-Malahat-Langford,"10,125","16,456",,"23,095","12,880","1,050",196,"63,802","23,095",36.20%,"40,707",63.80%, NDP ,15.90%,"99,160","78,148","4,749"
BC,Delta,"21,969","17,638",,"8,654","3,310",937,780,"53,288","21,969",41.20%,"31,319",58.80%, LPC ,41.20%,"100,588","72,865",207
BC,Esquimalt-Saanich-Sooke,"12,342","13,054",,"23,516","18,135","1,291",665,"69,003","23,516",34.10%,"45,487",65.90%, NDP ,17.90%,"113,004","87,281",404
BC,Fleetwood-Port Kells,"18,149","16,347",,"10,293","2,324","1,081",,"48,194","18,149",37.70%,"30,045",62.30%, LPC ,37.70%,"109,742","72,487",74
BC,Kamloops-Thompson-Cariboo,"19,543","32,057",,"9,824","8,696","1,123",460,"71,703","32,057",44.70%,"39,646",55.30%, CPC ,27.30%,"118,618","92,130","38,320"
BC,Kelowna-Lake Country,"22,150","31,037",,"8,229","5,025","1,208",216,"67,865","31,037",45.70%,"36,828",54.30%, CPC ,32.60%,"110,051","86,934","1,670"
BC,Kootenay-Columbia,"6,033","29,893",,"22,707","5,998","1,360",336,"66,327","29,893",45.10%,"36,434",54.90%, CPC ,9.10%,"107,589","83,190","64,336"
BC,Langley-Aldergrove,"15,700","28,953",,"10,418","4,704","1,273",489,"61,537","28,953",47.00%,"32,584",53.00%, CPC ,25.50%,"103,084","80,360",382
BC,Mission-Matsqui-Fraser Canyon,"12,022","19,271",,"8,004","4,999","1,373",74,"45,743","19,271",42.10%,"26,472",57.90%, CPC ,26.30%,"90,871","61,105","21,769"
BC,Nanaimo-Ladysmith,"9,649","18,447",,"16,857","24,537","1,036",608,"71,134","24,537",34.50%,"46,597",65.50%, GP ,13.60%,"114,998","91,240","1,753"
BC,New Westminster-Burnaby,"12,240","11,278",,"23,022","4,280",845,441,"52,106","23,022",44.20%,"29,084",55.80%, NDP ,23.50%,"108,652","77,639",29
BC,North Island-Powell River,"8,151","20,131",,"23,481","8,899","1,066",398,"62,126","23,481",37.80%,"38,645",62.20%, NDP ,13.10%,"103,458","57,911","79,517"
BC,North Okanagan-Shuswap,"16,626","35,753",,"11,198","7,697","1,999",,"73,273","35,753",48.80%,"37,520",51.20%, CPC ,22.70%,"121,474","94,179","16,734"
BC,North Vancouver,"26,402","16,775",,"10,116","7,676",905,,"61,874","26,402",42.70%,"35,472",57.30%, LPC ,42.70%,"109,639","82,085",342
BC,Pitt Meadows-Maple Ridge,"15,957","19,501",,"12,802","4,259",726,462,"53,707","19,501",36.30%,"34,206",63.70%, CPC ,29.70%,"94,111","70,289","2,141"
BC,Port Moody-Coquitlam,"15,409","16,588",,"16,255","3,812",809,56,"52,929","16,588",31.30%,"36,341",68.70%, CPC ,29.10%,"108,326","77,368",101
BC,Prince George-Peace River-Northern Rockies,"6,304","38,157",,"5,013","3,395","1,728",,"54,597","38,157",69.90%,"16,440",30.10%, CPC ,11.50%,"107,382","75,063","243,276"
BC,Richmond Centre,"10,824","18,791",,"5,482","2,318",534,193,"38,142","18,791",49.30%,"19,351",50.70%, CPC ,28.40%,"93,863","67,734",49
BC,Saanich-Gulf Islands,"11,116","13,507",,"8,446","32,326",914,,"66,309","32,326",48.80%,"33,983",51.20%, GP ,16.80%,"104,285","83,970",518
BC,Skeena-Bulkley Valley,"4,704","13,637",,"16,670","3,193",929,"1,662","40,795","16,670",40.90%,"24,125",59.10%, NDP ,11.50%,"90,586","62,234","327,275"
BC,South Okanagan-West Kootenay,"11,481","23,508",,"24,304","5,520","1,588",360,"66,761","24,304",36.40%,"42,457",63.60%, NDP ,17.20%,"112,096","88,519","18,139"
BC,South Surrey-White Rock,"21,319","24,044",,"6,558","4,361",838,,"57,120","24,044",42.10%,"33,076",57.90%, CPC ,37.30%,"94,678","74,649",154
BC,Steveston-Richmond East,"14,397","17,193",,"6,167","2,852",,475,"41,084","17,193",41.80%,"23,891",58.20%, CPC ,35.00%,"96,610","70,676",102
BC,Surrey Centre,"15,266","10,413",,"11,166","2,505",700,775,"40,825","15,266",37.40%,"25,559",62.60%, LPC ,37.40%,"111,486","68,719",44
BC,Surrey-Newton,"18,328","8,511",,"11,854","1,296",669,,"40,658","18,328",45.10%,"22,330",54.90%, LPC ,45.10%,"105,183","62,855",30
BC,Vancouver Centre,"22,317","10,244",,"12,582","6,577",692,538,"52,950","22,317",42.10%,"30,633",57.90%, LPC ,42.10%,"102,480","84,273",14
BC,Vancouver East,"9,804","6,601",,"28,473","7,811",661,872,"54,222","28,473",52.50%,"25,749",47.50%, NDP ,18.10%,"110,097","85,900",21
BC,Vancouver Granville,"13,637","11,326",,"6,730","2,554",418,"16,537","51,202","16,537",32.30%,"34,665",67.70%, Other ,26.60%,"99,886","76,973",23
BC,Vancouver Kingsway,"10,012","8,698",,"21,150","2,592",420,379,"43,251","21,150",48.90%,"22,101",51.10%, NDP ,23.10%,"102,003","69,812",15
BC,Vancouver Quadra,"21,398","13,814",,"7,461","6,054",427,160,"49,314","21,398",43.40%,"27,916",56.60%, LPC ,43.40%,"102,416","72,409",42
BC,Vancouver South,"17,442","14,222",,"7,841","2,375",527,,"42,407","17,442",41.10%,"24,965",58.90%, LPC ,41.10%,"100,966","68,733",21
BC,Victoria,"15,686","8,833",,"23,290","20,846",892,526,"70,073","23,290",33.20%,"46,783",66.80%, NDP ,22.40%,"110,942","90,217",43
BC,West Vancouver-Sunshine Coast-Sea to Sky Country,"22,135","17,106",,"8,796","14,143",983,364,"63,527","22,135",34.80%,"41,392",65.20%, LPC ,34.80%,"112,875","86,370","13,237"
MB,Brandon-Souris,"4,924","25,729",,"5,694","2,933",667,589,"40,536","25,729",63.50%,"14,807",36.50%, CPC ,12.10%,"83,814","59,459","18,290"
MB,Charleswood-St. James-Assiniboia-Headingley,"16,133","18,530",,"6,484","2,114","1,941",308,"45,510","18,530",40.70%,"26,980",59.30%, CPC ,35.40%,"81,864","62,583",207
MB,Churchill-Keewatinook Aski,"3,855","4,289",,"10,146",975,274,,"19,539","10,146",51.90%,"9,393",48.10%, NDP ,19.70%,"85,148","47,940","494,701"
MB,Dauphin-Swan River-Neepawa,"5,103","24,942",,"5,404","2,090",700,447,"38,686","24,942",64.50%,"13,744",35.50%, CPC ,13.20%,"87,374","61,579","56,820"
MB,Elmwood-Transcona,"5,282","16,426",,"19,841","1,477",506,,"43,532","19,841",45.60%,"23,691",54.40%, NDP ,12.10%,"85,906","64,395",50
MB,Kildonan-St. Paul,"12,187","19,690",,"9,187","1,738",562,404,"43,768","19,690",45.00%,"24,078",55.00%, CPC ,27.80%,"81,794","61,252",172
MB,Portage-Lisgar,"4,721","31,403",,"3,783","2,307","1,157",856,"44,227","31,403",71.00%,"12,824",29.00%, CPC ,10.70%,"91,019","61,350","12,665"
MB,Provencher,"6,254","31,588",,"6,093","2,930","1,158",,"48,023","31,588",65.80%,"16,435",34.20%, CPC ,13.00%,"88,640","63,356","18,773"
MB,Saint Boniface-Saint Vital,"19,934","15,287",,"7,932","2,647",657,297,"46,754","19,934",42.60%,"26,820",57.40%, LPC ,42.60%,"84,353","64,202",65
MB,Selkirk-Interlake-Eastman,"5,895","30,779",,"8,743","2,890",667,,"48,974","30,779",62.80%,"18,195",37.20%, CPC ,12.00%,"91,463","69,587","25,824"
MB,Winnipeg Centre,"10,638","7,034",,"12,325",597,469,254,"31,317","12,325",39.40%,"18,992",60.60%, NDP ,34.00%,"82,026","54,719",29
MB,Winnipeg North,"14,867","6,652",,"8,221",887,302,599,"31,528","14,867",47.20%,"16,661",52.80%, LPC ,47.20%,"88,616","56,380",38
MB,Winnipeg South,"19,887","18,309",,"6,573","2,023",407,,"47,199","19,887",42.10%,"27,312",57.90%, LPC ,42.10%,"85,540","62,156",105
MB,Winnipeg South Centre,"22,106","14,565",,"8,601","3,042",540,98,"48,952","22,106",45.20%,"26,846",54.80%, LPC ,45.20%,"90,711","67,988",46
NB,Acadie-Bathurst,"26,519","10,344",,"6,963","4,271",,,"48,097","26,519",55.10%,"21,578",44.90%, LPC ,55.10%,"79,340","66,374","5,183"
NB,Beauséjour,"24,957","9,435",,"3,937","14,251","1,050",,"53,630","24,957",46.50%,"28,673",53.50%, LPC ,46.50%,"80,416","65,927","4,214"
NB,Fredericton,"12,803","14,589",,"2,826","15,380",767,476,"46,841","15,380",32.80%,"31,461",67.20%, GP ,27.30%,"81,759","59,284","1,678"
NB,Fundy Royal,"12,015","21,727",,"4,660","7,060","1,239",491,"47,192","21,727",46.00%,"25,465",54.00%, CPC ,25.50%,"79,331","62,270","7,686"
NB,Madawaska-Restigouche,"17,331","9,800",,"2,314","5,090",,,"34,535","17,331",50.20%,"17,204",49.80%, LPC ,50.20%,"62,540","50,442","11,962"
NB,Miramichi-Grand Lake,"12,725","12,311",,"2,874","3,915","1,216","1,556","34,597","12,725",36.80%,"21,872",63.20%, LPC ,36.80%,"59,343","47,813","17,420"
NB,Moncton-Riverview-Dieppe,"22,261","12,190",,"6,164","9,371","1,258",699,"51,943","22,261",42.90%,"29,682",57.10%, LPC ,42.90%,"89,484","70,357",168
NB,New Brunswick Southwest,"10,110","19,457",,"3,251","5,352","1,274",204,"39,648","19,457",49.10%,"20,191",50.90%, CPC ,25.50%,"66,197","51,004","10,770"
NB,Saint John-Rothesay,"15,448","14,006",,"5,046","4,153","1,260","1,341","41,254","15,448",37.40%,"25,806",62.60%, LPC ,37.40%,"82,129","61,223",457
NB,Tobique-Mactaquac,"9,631","19,229",,"3,007","5,343",936,,"38,146","19,229",50.40%,"18,917",49.60%, CPC ,25.20%,"70,632","53,129","15,130"
NL,Avalon,"18,646","12,538",,"7,101","2,172",,,"40,457","18,646",46.10%,"21,811",53.90%, LPC ,46.10%,"81,540","66,653","7,303"
NL,Bonavista-Burin-Trinity,"14,701","12,697",,"3,855",920,,,"32,173","14,701",45.70%,"17,472",54.30%, LPC ,45.70%,"76,704","61,088","18,961"
NL,Coast of Bays-Central-Notre Dame,"15,861","11,695",,"4,058","1,310",,,"32,924","15,861",48.20%,"17,063",51.80%, LPC ,48.20%,"78,092","63,621","43,596"
NL,Labrador,"4,545","3,449",,"2,684",199,,,"10,877","4,545",41.80%,"6,332",58.20%, LPC ,41.80%,"26,728","20,084","294,330"
NL,Long Range Mountains,"18,182","10,874",,"7,594","1,326",,409,"38,385","18,182",47.40%,"20,203",52.60%, LPC ,47.40%,"87,592","70,272","41,606"
NL,St. John's East,"14,961","8,187",,"21,164",818,,,"45,130","21,164",46.90%,"23,966",53.10%, NDP ,33.20%,"81,936","64,137",363
NL,St. John's South-Mount Pearl,"20,094","7,537",,"10,703",717,326,137,"39,514","20,094",50.90%,"19,420",49.10%, LPC ,50.90%,"81,944","66,020",503
NS,Cape Breton-Canso,"16,097","14,478",,"6,258","3,246",968,810,"41,857","16,097",38.50%,"25,760",61.50%, LPC ,38.50%,"75,247","60,238","10,039"
NS,Central Nova,"20,718","13,201",,"5,896","3,478",938,328,"44,559","20,718",46.50%,"23,841",53.50%, LPC ,46.50%,"74,597","58,513","10,347"
NS,Cumberland-Colchester,"16,672","16,219",,"5,451","6,015",608,485,"45,450","16,672",36.70%,"28,778",63.30%, LPC ,36.70%,"82,321","64,065","8,269"
NS,Dartmouth-Cole Harbour,"23,751","8,480",,"14,220","5,197",937,,"52,585","23,751",45.20%,"28,834",54.80%, LPC ,45.20%,"91,212","71,949",102
NS,Halifax,"23,088","5,214",,"16,594","7,762",605,226,"53,489","23,088",43.20%,"30,401",56.80%, LPC ,43.20%,"92,643","68,609",244
NS,Halifax West,"26,884","10,488",,"10,429","6,555",,,"54,356","26,884",49.50%,"27,472",50.50%, LPC ,49.50%,"87,275","68,266",260
NS,Kings-Hants,"20,807","11,905",,"8,243","6,029",786,265,"48,035","20,807",43.30%,"27,228",56.70%, LPC ,43.30%,"83,306","65,347","4,440"
NS,Sackville-Preston-Chezzetcook,"19,920","11,224",,"11,857","5,743",819,,"49,563","19,920",40.20%,"29,643",59.80%, LPC ,40.20%,"85,583","66,578",777
NS,South Shore-St. Margarets,"21,887","14,744",,"8,361","6,070",665,794,"52,521","21,887",41.70%,"30,634",58.30%, LPC ,41.70%,"92,561","75,086","9,855"
NS,Sydney-Victoria,"12,536","11,228",,"8,150","2,249",,"6,413","40,576","12,536",30.90%,"28,040",69.10%, LPC ,30.90%,"73,328","58,932","5,085"
NS,West Nova,"17,034","18,390",,"5,020","5,949",,453,"46,846","18,390",39.30%,"28,456",60.70%, CPC ,36.40%,"83,654","65,963","9,965"
NT,Northwest Territories,"6,638","4,279",,"3,619","1,757",295,,"16,588","6,638",40.00%,"9,950",60.00%, LPC ,40.00%,"41,462","28,795","1,346,106"
NU,Nunavut,"2,798","2,327",,"3,717",189,,,"9,031","3,717",41.20%,"5,314",58.80%, NDP ,31.00%,"31,906","18,124","2,093,190"
ON,Ajax,"34,344","16,219",,"6,811","2,016",658,329,"60,377","34,344",56.90%,"26,033",43.10%, LPC ,56.90%,"109,600","83,542",71
ON,Algoma-Manitoulin-Kapuskasing,"9,760","10,557",,"16,740","2,145",883,124,"40,209","16,740",41.60%,"23,469",58.40%, NDP ,24.30%,"79,801","62,230","100,103"
ON,Aurora-Oak Ridges-Richmond Hill,"22,014","23,333",,"3,684","2,090",524,517,"52,162","23,333",44.70%,"28,829",55.30%, CPC ,42.20%,"106,064","77,411",100
ON,Barrie-Innisfil,"15,655","23,573",,"8,742","4,630","1,000",,"53,600","23,573",44.00%,"30,027",56.00%, CPC ,29.20%,"101,584","76,389",386
ON,Barrie-Springwater-Oro-Medonte,"16,601","20,857",,"7,868","6,968",960,,"53,254","20,857",39.20%,"32,397",60.80%, CPC ,31.20%,"97,876","74,783","1,027"
ON,Bay of Quinte,"24,351","22,886",,"9,770","3,744","1,202",,"61,953","24,351",39.30%,"37,602",60.70%, LPC ,39.30%,"109,488","83,427","2,000"
ON,Beaches-East York,"32,168","7,957",,"11,964","3,295",822,,"56,206","32,168",57.20%,"24,038",42.80%, LPC ,57.20%,"107,084","75,169",17
ON,Brampton Centre,"18,543","10,605",,"7,693","1,655",677,105,"39,278","18,543",47.20%,"20,735",52.80%, LPC ,47.20%,"103,122","64,148",46
ON,Brampton East,"23,727","12,045",,"13,077",679,239,311,"50,078","23,727",47.40%,"26,351",52.60%, LPC ,47.40%,"99,712","65,818",89
ON,Brampton North,"25,697","13,895",,"8,382","1,479",505,,"49,958","25,697",51.40%,"24,261",48.60%, LPC ,51.40%,"111,951","72,312",36
ON,Brampton South,"23,836","13,753",,"7,828","1,898",351,507,"48,173","23,836",49.50%,"24,337",50.50%, LPC ,49.50%,"107,364","70,449",49
ON,Brampton West,"28,433","12,659",,"9,695","1,240",500,480,"53,007","28,433",53.60%,"24,574",46.40%, LPC ,53.60%,"101,762","68,796",61
ON,Brantford-Brant,"20,250","26,723",,"12,972","4,165","1,309",649,"66,068","26,723",40.40%,"39,345",59.60%, CPC ,30.70%,"132,443","95,616",886
ON,Bruce-Grey-Owen Sound,"17,247","26,584",,"6,666","5,007","1,702",316,"57,522","26,584",46.20%,"30,938",53.80%, CPC ,30.00%,"106,475","81,389","6,447"
ON,Burlington,"34,217","23,467",,"7,622","4,606",976,,"70,888","34,217",48.30%,"36,671",51.70%, LPC ,48.30%,"120,569","94,679",84
ON,Cambridge,"22,636","17,316",,"10,972","4,279","1,854",238,"57,295","22,636",39.50%,"34,659",60.50%, LPC ,39.50%,"111,693","82,103",373
ON,Carleton,"25,934","31,637",,"6,289","3,302",773,,"67,935","31,637",46.60%,"36,298",53.40%, CPC ,38.20%,"89,522","71,947","1,229"
ON,Chatham-Kent-Leamington,"16,751","25,289",,"8,125","2,205","1,052",306,"53,728","25,289",47.10%,"28,439",52.90%, CPC ,31.20%,"111,866","78,803","2,183"
ON,Davenport,"22,813","5,014",,"21,341","2,341",492,302,"52,303","22,813",43.60%,"29,490",56.40%, LPC ,43.60%,"102,360","70,794",13
ON,Don Valley East,"24,908","10,036",,"4,591","1,643",556,,"41,734","24,908",59.70%,"16,826",40.30%, LPC ,59.70%,"93,007","62,362",24
ON,Don Valley North,"22,998","16,307",,"4,158","1,767",474,,"45,704","22,998",50.30%,"22,706",49.70%, LPC ,50.30%,"103,073","71,081",26
ON,Don Valley West,"28,426","15,981",,"3,758","2,140",439,273,"51,017","28,426",55.70%,"22,591",44.30%, LPC ,55.70%,"99,820","69,333",32
ON,Dufferin-Caledon,"22,330","28,729",,"7,822","7,252","1,505",318,"67,956","28,729",42.30%,"39,227",57.70%, CPC ,32.90%,"116,341","91,269","2,293"
ON,Durham,"23,299","30,627",,"13,144","3,881","1,472",,"72,423","30,627",42.30%,"41,796",57.70%, CPC ,32.20%,"115,395","92,317",953
ON,Eglinton-Lawrence,"29,384","17,909",,"4,654","2,581",581,,"55,109","29,384",53.30%,"25,725",46.70%, LPC ,53.30%,"113,150","76,739",24
ON,Elgin-Middlesex-London,"14,166","30,880",,"10,909","3,522",945,866,"61,288","30,880",50.40%,"30,408",49.60%, CPC ,23.10%,"110,109","82,062","2,640"
ON,Essex,"12,840","28,126",,"23,350","2,139","1,231",,"67,686","28,126",41.60%,"39,560",58.40%, CPC ,19.00%,"120,477","90,591","1,177"
ON,Etobicoke Centre,"32,347","21,610",,"4,739","2,745",663,286,"62,390","32,347",51.80%,"30,043",48.20%, LPC ,51.80%,"114,910","86,412",37
ON,Etobicoke North,"26,147","9,415",,"4,733","1,103","1,183",104,"42,685","26,147",61.30%,"16,538",38.70%, LPC ,61.30%,"117,601","67,544",57
ON,Etobicoke-Lakeshore,"35,522","19,811",,"8,141","4,046",906,162,"68,588","35,522",51.80%,"33,066",48.20%, LPC ,51.80%,"115,437","90,167",53
ON,Flamborough-Glanbrook,"23,702","24,352",,"10,152","3,756",975,,"62,937","24,352",38.70%,"38,585",61.30%, CPC ,37.70%,"97,081","77,774",941
ON,Glengarry-Prescott-Russell,"29,991","22,849",,"6,619","2,017","1,135",686,"63,297","29,991",47.40%,"33,306",52.60%, LPC ,47.40%,"106,240","84,340","3,018"
ON,Guelph,"29,890","14,348",,"9,059","18,808","1,075",879,"74,059","29,890",40.40%,"44,169",59.60%, LPC ,40.40%,"121,688","94,632",92
ON,Haldimand-Norfolk,"14,285","27,298",,"8,995","4,780","1,228","1,861","58,447","27,298",46.70%,"31,149",53.30%, CPC ,24.40%,"108,051","81,773","3,061"
ON,Haliburton-Kawartha Lakes-Brock,"16,839","31,986",,"9,532","5,413","1,245",,"65,015","31,986",49.20%,"33,029",50.80%, CPC ,25.90%,"110,182","90,594","8,941"
ON,Hamilton Centre,"12,474","6,294",,"20,080","3,314",816,550,"43,528","20,080",46.10%,"23,448",53.90%, NDP ,28.70%,"101,932","68,247",32
ON,Hamilton East-Stoney Creek,"19,899","13,007",,"14,814","2,859","1,060",,"51,639","19,899",38.50%,"31,740",61.50%, LPC ,38.50%,"107,786","79,750",72
ON,Hamilton Mountain,"15,825","13,330",,"18,872","3,059",748,439,"52,273","18,872",36.10%,"33,401",63.90%, NDP ,30.30%,"103,615","76,549",35
ON,Hamilton West-Ancaster-Dundas,"29,740","17,219",,"11,356","4,775",882,159,"64,131","29,740",46.40%,"34,391",53.60%, LPC ,46.40%,"109,535","82,929",110
ON,Hastings-Lennox and Addington,"18,991","21,225",,"6,840","2,991","1,274",,"51,321","21,225",41.40%,"30,096",58.60%, CPC ,37.00%,"92,528","71,818","9,217"
ON,Humber River-Black Creek,"22,983","6,142",,"7,126",787,397,201,"37,636","22,983",61.10%,"14,653",38.90%, LPC ,61.10%,"108,198","60,343",32
ON,Huron-Bruce,"20,333","29,743",,"7,289","2,701","1,115",,"61,181","29,743",48.60%,"31,438",51.40%, CPC ,33.20%,"104,842","79,533","5,896"
ON,Kanata-Carleton,"27,802","23,699",,"8,001","4,182",929,,"64,613","27,802",43.00%,"36,811",57.00%, LPC ,43.00%,"100,846","78,431",795
ON,Kenora,"8,188","9,313",,"7,781","1,475",382,165,"27,304","9,313",34.10%,"17,991",65.90%, CPC ,30.00%,"55,977","42,138","321,741"
ON,King-Vaughan,"28,365","27,454",,"4,195","2,460",725,,"63,199","28,365",44.90%,"34,834",55.10%, LPC ,44.90%,"109,235","83,550",449
ON,Kingston and the Islands,"30,688","12,808",,"15,592","5,867","1,717",,"66,672","30,688",46.00%,"35,984",54.00%, LPC ,46.00%,"116,996","87,460",434
ON,Kitchener Centre,"20,014","13,111",,"6,093","14,215","1,027",199,"54,659","20,014",36.60%,"34,645",63.40%, LPC ,36.60%,"102,433","76,163",44
ON,Kitchener South-Hespeler,"21,051","17,517",,"6,900","5,666","1,005",148,"52,287","21,051",40.30%,"31,236",59.70%, LPC ,40.30%,"97,763","71,873",111
ON,Kitchener-Conestoga,"20,106","19,833",,"5,152","4,889",783,,"50,763","20,106",39.60%,"30,657",60.40%, LPC ,39.60%,"93,827","67,890",949
ON,Lambton-Kent-Middlesex,"14,638","28,489",,"9,213","3,406","1,794",324,"57,864","28,489",49.20%,"29,375",50.80%, CPC ,25.30%,"105,919","80,027","5,278"
ON,Lanark-Frontenac-Kingston,"14,926","29,405",,"8,678","6,770","1,089",,"60,868","29,405",48.30%,"31,463",51.70%, CPC ,24.50%,"98,409","77,808","7,322"
ON,Leeds-Grenville-Thousand Islands and Rideau Lakes,"15,266","28,435",,"9,071","5,049",978,,"58,799","28,435",48.40%,"30,364",51.60%, CPC ,26.00%,"99,306","78,225","3,751"
ON,London North Centre,"25,496","14,291",,"13,924","4,509","1,432",125,"59,777","25,496",42.70%,"34,281",57.30%, LPC ,42.70%,"118,079","87,668",63
ON,London West,"30,054","19,718",,"15,010","3,767","1,161",524,"70,234","30,054",42.80%,"40,180",57.20%, LPC ,42.80%,"119,090","91,601",82
ON,London-Fanshawe,"14,679","13,636",,"22,450","2,750","1,121",297,"54,933","22,450",40.90%,"32,483",59.10%, NDP ,26.70%,"119,334","85,124",124
ON,Markham-Stouffville,"24,743","19,570",,"4,013","1,581",531,"13,216","63,654","24,743",38.90%,"38,911",61.10%, LPC ,38.90%,"109,780","86,464",299
ON,Markham-Thornhill,"23,826","15,401",,"3,248","1,218",356,281,"44,330","23,826",53.70%,"20,504",46.30%, LPC ,53.70%,"102,221","70,211",44
ON,Markham-Unionville,"20,019","25,871",,"3,393","2,318",863,,"52,464","25,871",49.30%,"26,593",50.70%, CPC ,38.20%,"104,693","81,583",89
ON,Milton,"29,878","21,236",,"3,722","2,692",605,,"58,133","29,878",51.40%,"28,255",48.60%, LPC ,51.40%,"88,065","70,430",472
ON,Mississauga Centre,"29,472","15,758",,"5,025","1,617",825,251,"52,948","29,472",55.70%,"23,476",44.30%, LPC ,55.70%,"118,756","81,920",24
ON,Mississauga East-Cooksville,"27,058","17,237",,"4,452","1,530",624,178,"51,079","27,058",53.00%,"24,021",47.00%, LPC ,53.00%,"121,792","80,906",34
ON,Mississauga-Erin Mills,"30,894","19,105",,"5,149","2,156",650,,"57,954","30,894",53.30%,"27,060",46.70%, LPC ,53.30%,"117,199","80,912",36
ON,Mississauga-Lakeshore,"28,994","22,573",,"4,979","2,756",731,96,"60,129","28,994",48.20%,"31,135",51.80%, LPC ,48.20%,"118,893","85,379",92
ON,Mississauga-Malton,"27,501","12,448",,"5,953","1,218",364,409,"47,893","27,501",57.40%,"20,392",42.60%, LPC ,57.40%,"118,046","73,591",102
ON,Mississauga-Streetsville,"29,058","19,227",,"5,955","2,695",721,243,"57,899","29,058",50.20%,"28,841",49.80%, LPC ,50.20%,"118,757","82,618",49
ON,Nepean,"31,098","22,849",,"8,852","4,327",719,326,"68,171","31,098",45.60%,"37,073",54.40%, LPC ,45.60%,"104,775","81,062",179
ON,Newmarket-Aurora,"25,957","23,076",,"6,418","3,437",578,999,"60,465","25,957",42.90%,"34,508",57.10%, LPC ,42.90%,"109,457","82,454",62
ON,Niagara Centre,"20,109","17,895",,"15,358","2,999",768,381,"57,510","20,109",35.00%,"37,401",65.00%, LPC ,35.00%,"105,860","81,364",334
ON,Niagara Falls,"22,079","24,266",,"12,264","3,296",940,"5,266","68,111","24,266",35.60%,"43,845",64.40%, CPC ,32.40%,"128,357","101,505",579
ON,Niagara West,"16,986","23,973",,"6,388","3,495",847,993,"52,682","23,973",45.50%,"28,709",54.50%, CPC ,32.20%,"86,533","68,333","1,057"
ON,Nickel Belt,"18,918","10,281",,"15,564","2,611","1,150",,"48,524","18,918",39.00%,"29,606",61.00%, LPC ,39.00%,"90,962","72,134","30,490"
ON,Nipissing-Timiskaming,"18,101","12,332",,"9,411","2,926","2,403",,"45,173","18,101",40.10%,"27,072",59.90%, LPC ,40.10%,"90,996","70,342","15,313"
ON,Northumberland-Peterborough South,"24,706","27,218",,"9,482","5,417","1,145",,"67,968","27,218",40.00%,"40,750",60.00%, CPC ,36.30%,"107,840","88,276","3,001"
ON,Oakville,"28,688","24,046",,"4,807","3,459",765,137,"61,902","28,688",46.30%,"33,214",53.70%, LPC ,46.30%,"119,649","87,670",83
ON,Oakville North-Burlington,"32,952","26,229",,"5,691","2,844",736,,"68,452","32,952",48.10%,"35,500",51.90%, LPC ,48.10%,"114,378","84,100",92
ON,Orléans,"43,533","22,697",,"9,277","3,727",964,,"80,198","43,533",54.30%,"36,665",45.70%, LPC ,54.30%,"119,247","94,830",211
ON,Oshawa,"15,592","23,989",,"17,531","3,117","1,276",109,"61,614","23,989",38.90%,"37,625",61.10%, CPC ,25.30%,"125,771","94,928",65
ON,Ottawa Centre,"36,612","9,519",,"22,049","5,498",706,"1,064","75,448","36,612",48.50%,"38,836",51.50%, LPC ,48.50%,"113,619","89,360",35
ON,Ottawa South,"33,433","15,707",,"10,130","3,454",701,327,"63,752","33,433",52.40%,"30,319",47.60%, LPC ,52.40%,"121,894","85,946",73
ON,Ottawa West-Nepean,"27,599","16,491",,"11,401","3,823",820,565,"60,699","27,599",45.50%,"33,100",54.50%, LPC ,45.50%,"111,881","81,646",71
ON,Ottawa-Vanier,"31,487","10,766",,"13,034","4,522","1,186","1,190","62,185","31,487",50.60%,"30,698",49.40%, LPC ,50.60%,"110,999","82,040",41
ON,Oxford,"11,621","29,209",,"12,188","4,699","1,769",983,"60,469","29,209",48.30%,"31,260",51.70%, CPC ,19.20%,"108,656","83,003","2,384"
ON,Parkdale-High Park,"28,408","7,960",,"18,777","3,898",628,281,"59,952","28,408",47.40%,"31,544",52.60%, LPC ,47.40%,"105,103","76,952",16
ON,Parry Sound-Muskoka,"16,418","22,676",,"6,336","8,274",,376,"54,080","22,676",41.90%,"31,404",58.10%, CPC ,30.40%,"91,263","74,977","14,402"
ON,Perth-Wellington,"14,827","25,504",,"8,081","4,882",894,733,"54,921","25,504",46.40%,"29,417",53.60%, CPC ,27.00%,"104,912","75,217","3,782"
ON,Peterborough-Kawartha,"26,979","24,096",,"11,698","4,847",876,346,"68,842","26,979",39.20%,"41,863",60.80%, LPC ,39.20%,"115,269","90,352","3,473"
ON,Pickering-Uxbridge,"32,019","18,320",,"7,262","3,711","1,239",,"62,551","32,019",51.20%,"30,532",48.80%, LPC ,51.20%,"109,344","84,997",687
ON,Renfrew-Nipissing-Pembroke,"11,326","30,287",,"8,587","3,108","1,402","2,051","56,761","30,287",53.40%,"26,474",46.60%, CPC ,20.00%,"102,537","77,520","12,583"
ON,Richmond Hill,"21,804","21,692",,"4,425","1,695",507,126,"50,249","21,804",43.40%,"28,445",56.60%, LPC ,43.40%,"108,658","79,513",42
ON,Sarnia-Lambton,"11,824","28,340",,"12,372","2,440","1,567",541,"57,084","28,340",49.60%,"28,744",50.40%, CPC ,20.70%,"106,293","80,029","1,568"
ON,Sault Ste. Marie,"16,084","13,352",,"9,317","1,781",733,,"41,267","16,084",39.00%,"25,183",61.00%, LPC ,39.00%,"82,052","63,417","5,921"
ON,Scarborough Centre,"25,424","10,320",,"5,329","1,328","1,157","2,518","46,076","25,424",55.20%,"20,652",44.80%, LPC ,55.20%,"108,826","70,145",30
ON,Scarborough North,"20,605","11,746",,"4,917",776,366,82,"38,492","20,605",53.50%,"17,887",46.50%, LPC ,53.50%,"101,080","64,427",32
ON,Scarborough Southwest,"28,640","10,421",,"7,800","2,428",584,233,"50,106","28,640",57.20%,"21,466",42.80%, LPC ,57.20%,"106,733","71,577",29
ON,Scarborough-Agincourt,"20,778","15,376",,"3,550","1,028",515,,"41,247","20,778",50.40%,"20,469",49.60%, LPC ,50.40%,"104,499","68,748",22
ON,Scarborough-Guildwood,"25,797","9,501",,"4,687","1,198",643,393,"42,219","25,797",61.10%,"16,422",38.90%, LPC ,61.10%,"101,914","63,296",27
ON,Scarborough-Rouge Park,"31,339","10,088",,"5,735","2,324",466,353,"50,305","31,339",62.30%,"18,966",37.70%, LPC ,62.30%,"102,646","71,291",57
ON,Simcoe North,"19,140","27,112",,"8,749","5,820","1,144",337,"62,302","27,112",43.50%,"35,190",56.50%, CPC ,30.70%,"108,672","85,156","1,894"
ON,Simcoe-Grey,"23,372","32,444",,"8,320","8,423","1,386",281,"74,226","32,444",43.70%,"41,782",56.30%, CPC ,31.50%,"116,307","95,511","1,950"
ON,Spadina-Fort York,"33,060","10,485",,"12,227","3,067",661,148,"59,648","33,060",55.40%,"26,588",44.60%, LPC ,55.40%,"82,480","73,179",21
ON,St. Catharines,"23,817","18,850",,"12,252","3,637",814,,"59,370","23,817",40.10%,"35,553",59.90%, LPC ,40.10%,"110,596","83,821",61
ON,Stormont-Dundas-South Glengarry,"13,585","28,848",,"7,567","2,080","1,178",,"53,258","28,848",54.20%,"24,410",45.80%, CPC ,25.50%,"100,913","78,167","2,765"
ON,Sudbury,"19,484","9,772",,"13,766","3,183",949,554,"47,708","19,484",40.80%,"28,224",59.20%, LPC ,40.80%,"92,048","71,844",977
ON,Thornhill,"18,872","29,082",,"3,603","1,567",,308,"53,432","29,082",54.40%,"24,350",45.60%, CPC ,35.30%,"110,427","80,288",66
ON,Thunder Bay-Rainy River,"14,336","11,984",,"11,708","1,783",730,,"40,541","14,336",35.40%,"26,205",64.60%, LPC ,35.40%,"82,984","62,207","39,545"
ON,Thunder Bay-Superior North,"17,982","10,861",,"8,969","3,505",725,136,"42,178","17,982",42.60%,"24,196",57.40%, LPC ,42.60%,"82,827","63,192","87,965"
ON,Timmins-James Bay,"9,457","9,784",,"14,357","1,226","1,244",,"36,068","14,357",39.80%,"21,711",60.20%, NDP ,26.20%,"83,104","60,202","251,599"
ON,Toronto Centre,"30,580","6,470",,"11,886","3,726",,637,"53,299","30,580",57.40%,"22,719",42.60%, LPC ,57.40%,"93,971","66,351",6
ON,Toronto-Danforth,"27,144","6,035",,"18,896","3,676",616,623,"56,990","27,144",47.60%,"29,846",52.40%, LPC ,47.60%,"104,017","76,567",26
ON,Toronto-St. Paul's,"28,646","11,380",,"8,238","3,460",841,,"52,565","28,646",54.50%,"23,919",45.50%, LPC ,54.50%,"103,983","75,852",14
ON,University-Rosedale,"28,088","11,996",,"9,008","4,585",489,438,"54,604","28,088",51.40%,"26,516",48.60%, LPC ,51.40%,"98,605","71,945",14
ON,Vaughan-Woodbridge,"25,654","18,215",,"3,845","1,286",846,164,"50,010","25,654",51.30%,"24,356",48.70%, LPC ,51.30%,"105,450","73,190",84
ON,Waterloo,"30,606","15,479",,"9,525","6,087","1,094",,"62,791","30,606",48.70%,"32,185",51.30%, LPC ,48.70%,"103,192","77,312",78
ON,Wellington-Halton Hills,"19,455","32,801",,"6,346","8,657","1,501",,"68,760","32,801",47.70%,"35,959",52.30%, CPC ,28.30%,"115,880","88,674","1,584"
ON,Whitby,"29,713","24,307",,"9,547","3,649",834,,"68,050","29,713",43.70%,"38,337",56.30%, LPC ,43.70%,"122,022","90,964",155
ON,Willowdale,"21,912","16,150",,"4,128","1,628",552,269,"44,639","21,912",49.10%,"22,727",50.90%, LPC ,49.10%,"109,680","74,205",21
ON,Windsor West,"18,697","9,822",,"20,692","1,307",945,76,"51,539","20,692",40.10%,"30,847",59.90%, NDP ,36.30%,"118,973","84,700",83
ON,Windsor-Tecumseh,"18,896","15,758",,"18,254","2,140","1,278",186,"56,512","18,896",33.40%,"37,616",66.60%, LPC ,33.40%,"115,528","86,351",174
ON,York Centre,"21,433","15,606",,"4,172","1,377",,,"42,588","21,433",50.30%,"21,155",49.70%, LPC ,50.30%,"100,277","63,682",37
ON,York South-Weston,"25,638","8,369",,"8,427","1,593",761,,"44,788","25,638",57.20%,"19,150",42.80%, LPC ,57.20%,"116,606","69,754",26
ON,York-Simcoe,"14,252","24,796",,"7,481","4,615",867,"1,292","53,303","24,796",46.50%,"28,507",53.50%, CPC ,26.70%,"94,616","74,911",844
PE,Cardigan,"10,687","6,303",,"1,468","3,006",,233,"21,697","10,687",49.30%,"11,010",50.70%, LPC ,49.30%,"36,005","27,958","2,658"
PE,Charlottetown,"8,509","3,924",,"2,193","4,458",,168,"19,252","8,509",44.20%,"10,743",55.80%, LPC ,44.20%,"34,562","26,400",46
PE,Egmont,"7,513","6,616",,"1,182","3,747",,,"19,058","7,513",39.40%,"11,545",60.60%, LPC ,39.40%,"34,598","26,908","1,527"
PE,Malpeque,"9,533","5,899",,"1,495","6,013",,,"22,940","9,533",41.60%,"13,407",58.40%, LPC ,41.60%,"35,039","27,677","1,663"
QC,Abitibi-Baie-James-Nunavik-Eeyou,"8,311","4,895","11,085","3,480","1,035",345,312,"29,463","11,085",37.60%,"18,378",62.40%, BQ ,28.20%,"85,475","62,881","854,754"
QC,Abitibi-Témiscamingue,"12,209","7,514","22,591","4,943","1,766",730,,"49,753","22,591",45.40%,"27,162",54.60%, BQ ,24.50%,"102,794","82,695","37,429"
QC,Ahuntsic-Cartierville,"28,560","3,974","11,635","6,148","3,256",579,,"54,152","28,560",52.70%,"25,592",47.30%, LPC ,52.70%,"110,473","82,863",22
QC,Alfred-Pellan,"25,810","5,891","15,459","4,141","1,898",466,289,"53,954","25,810",47.80%,"28,144",52.20%, LPC ,47.80%,"98,045","77,898",116
QC,Argenteuil-La Petite-Nation,"18,759","6,001","18,087","3,704","2,358",714,,"49,623","18,759",37.80%,"30,864",62.20%, LPC ,37.80%,"94,208","78,234","5,412"
QC,Avignon-La Mitis-Matane-Matapédia,"11,983","2,686","18,265","1,393",668,201,178,"35,374","18,265",51.60%,"17,109",48.40%, BQ ,33.90%,"74,547","60,721","14,723"
QC,Beauce,"6,895","22,817","8,355","1,799","1,415","16,772","1,072","59,125","22,817",38.60%,"36,308",61.40%, CPC ,11.70%,"106,337","84,518","4,242"
QC,Beauport-Côte-de-Beaupré-Île d’Orléans-Charlevoix,"10,526","14,947","18,325","2,795","1,328","1,031",,"48,952","18,325",37.40%,"30,627",62.60%, BQ ,21.50%,"92,496","75,750","11,634"
QC,Beauport-Limoilou,"12,871","12,882","15,067","5,524","2,084","1,026",77,"49,531","15,067",30.40%,"34,464",69.60%, BQ ,26.00%,"92,944","78,601",35
QC,Bécancour-Nicolet-Saurel,"9,274","8,401","29,543","2,692","1,657",486,,"52,053","29,543",56.80%,"22,510",43.20%, BQ ,17.80%,"93,779","77,971","2,870"
QC,Bellechasse-Les Etchemins-Lévis,"10,556","32,192","14,715","3,440","1,841","1,336",262,"64,342","32,192",50.00%,"32,150",50.00%, CPC ,16.40%,"112,385","91,899","3,293"
QC,Beloeil-Chambly,"15,904","4,252","34,902","9,964","3,188",505,204,"68,919","34,902",50.60%,"34,017",49.40%, BQ ,23.10%,"109,955","90,271",402
QC,Berthier-Maskinongé,"7,809","5,800","21,007","19,500",965,637,430,"56,148","21,007",37.40%,"35,141",62.60%, BQ ,13.90%,"98,590","82,109","4,420"
QC,Bourassa,"22,980","2,874","8,987","3,143","1,295",341,282,"39,902","22,980",57.60%,"16,922",42.40%, LPC ,57.60%,"100,286","70,444",14
QC,Brome-Missisquoi,"23,410","7,679","21,044","4,800","3,218",456,491,"61,098","23,410",38.30%,"37,688",61.70%, LPC ,38.30%,"98,616","84,274","3,035"
QC,Brossard-Saint-Lambert,"30,208","6,042","11,052","5,286","2,826",567,,"55,981","30,208",54.00%,"25,773",46.00%, LPC ,54.00%,"100,828","83,194",58
QC,Charlesbourg-Haute-Saint-Charles,"12,450","22,282","15,967","4,471","1,986","1,379",,"58,535","22,282",38.10%,"36,253",61.90%, CPC ,21.30%,"103,331","83,648",118
QC,Châteauguay-Lacolle,"20,397","5,911","19,463","3,960","1,908",642,468,"52,749","20,397",38.70%,"32,352",61.30%, LPC ,38.70%,"92,169","75,157",940
QC,Chicoutimi-Le Fjord,"7,408","15,862","15,248","2,757","1,357",346,290,"43,268","15,862",36.70%,"27,406",63.30%, CPC ,17.10%,"81,501","66,674","2,819"
QC,Compton-Stanstead,"21,550","8,406","18,507","5,521","2,977",585,250,"57,796","21,550",37.30%,"36,246",62.70%, LPC ,37.30%,"101,946","81,405","4,815"
QC,Dorval-Lachine-LaSalle,"27,477","5,476","8,790","6,061","2,842",513,475,"51,634","27,477",53.20%,"24,157",46.80%, LPC ,53.20%,"106,886","85,471",51
QC,Drummond,"9,495","9,082","24,237","8,632","1,827",532,510,"54,315","24,237",44.60%,"30,078",55.40%, BQ ,17.50%,"98,681","80,750","1,670"
QC,Gaspésie-Les Îles-de-la-Madeleine,"16,296","3,022","15,659","1,722","1,130",198,353,"38,380","16,296",42.50%,"22,084",57.50%, LPC ,42.50%,"78,833","65,717","17,145"
QC,Gatineau,"28,827","5,664","11,858","6,004","2,196",550,75,"55,174","28,827",52.20%,"26,347",47.80%, LPC ,52.20%,"106,424","83,651",125
QC,Hochelaga,"17,779","2,523","17,460","11,169","2,523",381,507,"52,342","17,779",34.00%,"34,563",66.00%, LPC ,34.00%,"103,436","82,245",20
QC,Honoré-Mercier,"29,336","4,781","9,908","4,058","1,349",456,71,"49,959","29,336",58.70%,"20,623",41.30%, LPC ,58.70%,"102,587","78,428",39
QC,Hull-Aylmer,"28,466","4,781","7,931","7,134","3,603",622,387,"52,924","28,466",53.80%,"24,458",46.20%, LPC ,53.80%,"103,447","78,679",65
QC,Joliette,"12,718","5,154","33,492","2,567","2,289",494,472,"57,186","33,492",58.60%,"23,694",41.40%, BQ ,22.20%,"100,683","85,545","9,102"
QC,Jonquière,"7,819","10,199","17,422","11,935",972,516,,"48,863","17,422",35.70%,"31,441",64.30%, BQ ,16.00%,"87,596","72,605","42,453"
QC,La Pointe-de-l'Île,"16,703","3,946","25,832","5,929","1,825",382,282,"54,899","25,832",47.10%,"29,067",52.90%, BQ ,30.40%,"103,512","84,335",43
QC,La Prairie,"22,642","5,491","25,612","4,845","2,523",392,101,"61,606","25,612",41.60%,"35,994",58.40%, BQ ,36.80%,"99,811","81,637",295
QC,Lac-Saint-Jean,"13,621","12,508","23,746","2,656",998,442,,"53,971","23,746",44.00%,"30,225",56.00%, BQ ,25.20%,"105,783","85,092","60,405"
QC,Lac-Saint-Louis,"33,845","8,948","3,151","7,104","4,073",796,403,"58,320","33,845",58.00%,"24,475",42.00%, LPC ,58.00%,"105,622","85,663",81
QC,LaSalle-Émard-Verdun,"22,504","3,664","12,537","8,423","3,452",481,571,"51,632","22,504",43.60%,"29,128",56.40%, LPC ,43.60%,"105,317","83,876",19
QC,Laurentides-Labelle,"21,514","4,972","30,525","4,041","3,105",413,439,"65,009","30,525",47.00%,"34,484",53.00%, BQ ,33.10%,"111,357","95,907","19,694"
QC,Laurier-Sainte-Marie,"21,551","1,470","11,996","12,994","3,072",316,402,"51,801","21,551",41.60%,"30,250",58.40%, LPC ,41.60%,"107,034","83,730",11
QC,Laval-Les Îles,"24,927","8,621","10,820","4,667","2,223",861,,"52,119","24,927",47.80%,"27,192",52.20%, LPC ,47.80%,"103,053","81,562",47
QC,Lévis-Lotbinière,"10,666","28,218","15,873","4,299","1,861","2,242",,"63,159","28,218",44.70%,"34,941",55.30%, CPC ,16.90%,"107,593","86,700","2,123"
QC,Longueuil-Charles-LeMoyne,"19,367","3,663","18,111","5,033","2,811",543,,"49,528","19,367",39.10%,"30,161",60.90%, LPC ,39.10%,"104,895","83,360",39
QC,Longueuil-Saint-Hubert,"20,271","3,727","22,937","4,997","6,603",463,241,"59,239","22,937",38.70%,"36,302",61.30%, BQ ,34.20%,"104,366","85,657",56
QC,Louis-Hébert,"24,910","10,830","17,262","4,793","2,407","1,008",264,"61,474","24,910",40.50%,"36,564",59.50%, LPC ,40.50%,"104,038","81,285",97
QC,Louis-Saint-Laurent,"13,509","28,735","14,577","4,281","2,123","1,542",,"64,767","28,735",44.40%,"36,032",55.60%, CPC ,20.90%,"106,888","91,332",141
QC,Manicouagan,"7,666","7,718","21,553","1,434","1,250",285,,"39,906","21,553",54.00%,"18,353",46.00%, BQ ,19.20%,"94,766","75,124","264,226"
QC,Marc-Aurèle-Fortin,"24,652","5,390","17,989","4,618","2,060",494,148,"55,351","24,652",44.50%,"30,699",55.50%, LPC ,44.50%,"96,082","75,579",54
QC,Mégantic-L'Érable,"7,210","23,046","11,977","1,910","1,210",800,464,"46,617","23,046",49.40%,"23,571",50.60%, CPC ,15.50%,"88,745","71,133","6,278"
QC,Mirabel,"16,007","5,888","33,029","5,134","3,449",758,462,"64,727","33,029",51.00%,"31,698",49.00%, BQ ,24.70%,"103,536","86,304",868
QC,Montarville,"20,877","4,108","25,249","4,803","2,886",498,208,"58,629","25,249",43.10%,"33,380",56.90%, BQ ,35.60%,"95,095","75,181",158
QC,Montcalm,"11,113","4,923","31,699","3,466","2,391",520,417,"54,529","31,699",58.10%,"22,830",41.90%, BQ ,20.40%,"99,518","82,538",906
QC,Montmagny-L'Islet-Kamouraska-Rivière-du-Loup,"8,133","20,934","16,121","3,397","1,001",414,,"50,000","20,934",41.90%,"29,066",58.10%, CPC ,16.30%,"97,261","78,291","7,495"
QC,Mount Royal,"24,137","10,723","1,729","3,485","2,271",358,90,"42,793","24,137",56.40%,"18,656",43.60%, LPC ,56.40%,"101,258","74,055",23
QC,Notre-Dame-de-Grâce-Westmount,"27,217","5,536","2,309","7,456","2,309",550,162,"45,539","27,217",59.80%,"18,322",40.20%, LPC ,59.80%,"104,410","79,071",17
QC,Outremont,"18,419","2,158","5,562","7,808","4,743",360,151,"39,201","18,419",47.00%,"20,782",53.00%, LPC ,47.00%,"100,916","71,300",12
QC,Papineau,"24,797","2,095","7,722","9,135","3,673",311,384,"48,117","24,797",51.50%,"23,320",48.50%, LPC ,51.50%,"108,977","78,515",10
QC,Pierre-Boucher-Les Patriotes-Verchères,"17,165","4,866","31,503","4,111","2,889",378,,"60,912","31,503",51.70%,"29,409",48.30%, BQ ,28.20%,"95,326","78,251",688
QC,Pierrefonds-Dollard,"31,461","9,951","4,525","5,611","2,849",712,640,"55,749","31,461",56.40%,"24,288",43.60%, LPC ,56.40%,"108,740","84,978",53
QC,Pontiac,"29,759","10,298","9,851","6,364","3,631",764,248,"60,915","29,759",48.90%,"31,156",51.10%, LPC ,48.90%,"106,499","86,585","30,586"
QC,Portneuf-Jacques-Cartier,"12,642","27,524","15,440","3,657","2,456","1,925",,"63,644","27,524",43.20%,"36,120",56.80%, CPC ,19.90%,"104,394","86,884","7,617"
QC,Québec,"18,047","8,175","17,832","6,210","2,949",674,468,"54,355","18,047",33.20%,"36,308",66.80%, LPC ,33.20%,"96,525","79,277",36
QC,Repentigny,"17,976","4,851","34,644","4,361","2,240",523,347,"64,942","34,644",53.30%,"30,298",46.70%, BQ ,27.70%,"111,191","91,542",198
QC,Richmond-Arthabaska,"8,878","26,576","16,475","2,813","3,073",680,,"58,495","26,576",45.40%,"31,919",54.60%, CPC ,15.20%,"103,897","85,118","3,571"
QC,Rimouski-Neigette-Témiscouata-Les Basques,"9,987","4,059","17,221","12,916",789,228,176,"45,376","17,221",38.00%,"28,155",62.00%, BQ ,22.00%,"84,809","69,631","8,061"
QC,Rivière-des-Mille-Îles,"20,773","4,668","23,521","4,933","3,043",842,,"57,780","23,521",40.70%,"34,259",59.30%, BQ ,36.00%,"102,816","80,957",117
QC,Rivière-du-Nord,"12,954","6,891","30,620","4,077","3,293",397,346,"58,578","30,620",52.30%,"27,958",47.70%, BQ ,22.10%,"102,085","88,586",381
QC,Rosemont-La-Petite-Patrie,"14,245","1,388","14,158","24,951","3,485",285,504,"59,016","24,951",42.30%,"34,065",57.70%, NDP ,24.10%,"106,293","83,936",11
QC,Saint-Hyacinthe-Bagot,"11,828","8,024","22,995","10,212","2,000",484,,"55,543","22,995",41.40%,"32,548",58.60%, BQ ,21.30%,"99,629","80,577","1,948"
QC,Saint-Jean,"18,767","6,466","27,677","4,711","3,056",391,286,"61,354","27,677",45.10%,"33,677",54.90%, BQ ,30.60%,"108,244","88,081",734
QC,Saint-Laurent,"23,272","6,914","2,820","3,976","2,102",475,71,"39,630","23,272",58.70%,"16,358",41.30%, LPC ,58.70%,"93,842","68,685",44
QC,Saint-Léonard-Saint-Michel,"27,553","5,353","4,324","2,896","1,148",515,85,"41,874","27,553",65.80%,"14,321",34.20%, LPC ,65.80%,"110,649","76,351",21
QC,Saint-Maurice-Champlain,"22,961","9,497","19,856","3,016","1,763",936,,"58,029","22,961",39.60%,"35,068",60.40%, LPC ,39.60%,"110,273","91,588","38,904"
QC,Salaberry-Suroît,"18,546","6,073","29,904","4,966","1,970",761,348,"62,568","29,904",47.80%,"32,664",52.20%, BQ ,29.60%,"107,036","91,444","2,271"
QC,Shefford,"22,472","7,470","23,438","3,631","2,757",943,291,"61,002","23,438",38.40%,"37,564",61.60%, BQ ,36.80%,"107,538","87,902","1,434"
QC,Sherbrooke,"17,551","6,376","15,465","16,917","2,721",,820,"59,850","17,551",29.30%,"42,299",70.70%, LPC ,29.30%,"107,988","86,809",105
QC,Terrebonne,"17,637","4,593","30,785","4,524","2,222",397,412,"60,570","30,785",50.80%,"29,785",49.20%, BQ ,29.10%,"106,322","83,775",159
QC,Thérèse-De Blainville,"21,673","5,171","24,364","4,502","2,717",367,322,"59,116","24,364",41.20%,"34,752",58.80%, BQ ,36.70%,"98,499","78,804",77
QC,Trois-Rivières,"15,676","15,192","17,178","9,984","1,462",572,144,"60,208","17,178",28.50%,"43,030",71.50%, BQ ,26.00%,"108,774","90,709",133
QC,Vaudreuil-Soulanges,"31,971","7,712","16,550","7,263","3,373",695,,"67,564","31,971",47.30%,"35,593",52.70%, LPC ,47.30%,"111,905","89,766",408
QC,Ville-Marie-Le Sud-Ouest-Île-des-Soeurs,"26,644","4,565","6,678","7,699","3,498",502,440,"50,026","26,644",53.30%,"23,382",46.70%, LPC ,53.30%,"103,070","83,351",19
QC,Vimy,"26,181","5,962","15,402","4,759","2,067",744,,"55,115","26,181",47.50%,"28,934",52.50%, LPC ,47.50%,"104,373","85,511",35
SK,Battlefords-Lloydminster,"2,265","28,137",,"3,998",594,657,,"35,651","28,137",78.90%,"7,514",21.10%, CPC ,6.40%,"70,034","48,638","30,125"
SK,Carlton Trail-Eagle Creek,"2,015","34,814",,"5,384",857,792,355,"44,217","34,814",78.70%,"9,403",21.30%, CPC ,4.60%,"72,607","53,836","29,040"
SK,Cypress Hills-Grasslands,"1,575","30,898",,"3,601",696,"1,062",216,"38,048","30,898",81.20%,"7,150",18.80%, CPC ,4.10%,"67,834","49,713","77,822"
SK,Desnethé-Missinippi-Churchill River,"6,899","10,816",,"7,504",500,205,,"25,924","10,816",41.70%,"15,108",58.30%, CPC ,26.60%,"69,471","43,128","342,903"
SK,Moose Jaw-Lake Centre-Lanigan,"2,383","30,801",,"7,394","1,130","1,565",,"43,273","30,801",71.20%,"12,472",28.80%, CPC ,5.50%,"76,106","56,621","32,882"
SK,Prince Albert,"3,977","26,671",,"6,815",807,758,173,"39,201","26,671",68.00%,"12,530",32.00%, CPC ,10.10%,"79,344","55,873","18,927"
SK,Regina-Lewvan,"6,625","26,837",,"14,454","2,035",564,257,"50,772","26,837",52.90%,"23,935",47.10%, CPC ,13.00%,"79,587","61,879",58
SK,Regina-Qu'Appelle,"4,315","24,223",,"7,517","1,227",504,261,"38,047","24,223",63.70%,"13,824",36.30%, CPC ,11.30%,"72,891","52,220","13,430"
SK,Regina-Wascana,"14,998","22,186",,"5,722","1,290",443,128,"44,767","22,186",49.60%,"22,581",50.40%, CPC ,33.50%,"77,208","55,497",63
SK,Saskatoon West,"2,763","18,406",,"15,270",988,762,,"38,189","18,406",48.20%,"19,783",51.80%, CPC ,7.20%,"76,704","54,086",93
SK,Saskatoon-Grasswood,"8,206","26,013",,"12,310","1,263",674,,"48,466","26,013",53.70%,"22,453",46.30%, CPC ,16.90%,"72,010","57,268",342
SK,Saskatoon-University,"6,026","24,248",,"13,787","1,353",658,300,"46,372","24,248",52.30%,"22,124",47.70%, CPC ,13.00%,"76,257","55,219",71
SK,Souris-Moose Mountain,"1,658","33,932",,"3,096",653,675,166,"40,180","33,932",84.40%,"6,248",15.60%, CPC ,4.10%,"72,058","51,580","43,184"
SK,Yorkton-Melville,"2,366","28,972",,"4,578","1,032",902,,"37,850","28,972",76.50%,"8,878",23.50%, CPC ,6.30%,"71,270","53,446","43,272"
YT,Yukon,"6,849","6,777",,"4,475","2,109",280,,"20,490","6,849",33.40%,"13,641",66.60%, LPC ,33.40%,"33,897","25,264","482,443"